iter	Logloss
0	0.6304283651
1	0.5792770386
